zootopia_001_id003368_0010000000000000010100110100.mp4,zootopia_id000001_010000.mp4
up_russel_1_002_id003591_1000001100000000000000100100.mp4,up-russel-1_id000002_100100.mp4
mulan_2_001_id003646_1000001100000000000000110100.mp4,mulan-2_id000003_100100.mp4
carl_grimes_001_id99999999999999991611392_1000001100000000000000100000.mp4,carl-grimes_id000004_100100.mp4
rachel_jennifer_aniston_friends_1_001_id003943_1000000100000000000000110000.mp4,rachel-jennifer-aniston-friends-1_id000005_100000.mp4
leopard_gecko_video_001_id9999999999999991611392_0010000000000000010100010000.mp4,leopard-gecko-video_id000006_010000.mp4
truman_jim_carrey_001_id9999999999999991611392_1000001100000000000000110000.mp4,truman-jim-carrey_id000007_100100.mp4
the_office_jim_2_001_id003648_1000001100000000000000110000.mp4,the-office-jim-2_id000008_100100.mp4
pike_place_1_001_id003445_0100000000000011000000000011.mp4,pike-place-1_id000009_001001.mp4
colloseum_1_001_id003749_0100000000000011000000000001.mp4,colloseum-1_id000010_001001.mp4
chandler_bing_001_id9999999999999991611392_1000001100000000000000110000.mp4,chandler-bing_id000011_100100.mp4
great_wall_of_china_2_001_id003754_0100000000000011000000000001.mp4,great-wall-of-china-2_id000012_001001.mp4
claire_lost_001_id9999999999999991611392_1000000100000000000000110000.mp4,claire-lost_id000013_100000.mp4
dc_young_fly_001_id003384_1000001100000000000000110000.mp4,dc-young-fly_id000014_100100.mp4
call_of_duty_game_video_001_id003873_0000100000000000000000000111.mp4,call-of-duty-game-video_id000015_000001.mp4
usc_001_id9999999999999991611392_0100000000000001000000000011.mp4,usc_id000016_001001.mp4
bones_david_boreanaz_seeley_booth_video_1_001_id003352_1000001100000000000000110000.mp4,bones-david-boreanaz-seeley-booth-video-1_id000017_100100.mp4
iron_man_1_001_id003582_1000001100000000000000111000.mp4,iron-man-1_id000018_100100.mp4
masked_singer.mp4_001_id003385_1000000010000000000000110000.mp4,masked-singer.mp4_id000019_100000.mp4
rachel_jennifer_aniston_friends_2_001_id003944_1000000100000000000000110000.mp4,rachel-jennifer-aniston-friends-2_id000020_100000.mp4
BreakingBad_id000730_1000001100000000000000110000.mp4,BreakingBad_id000021_100100.mp4
star_wars_yoda_001_001_id003397_0000100000000000000000000000.mp4,star-wars-yoda_id000022_000000.mp4
cats_meow_001_id003925_0010000000000000010100110000.mp4,cats-meow_id000023_010000.mp4
banksy_video_clip_001_001_id003495_1000001000000000000000110000.mp4,banksy-video-clip_id000024_100100.mp4
paul_hollywood_great_british_bake_off_2_001_id003948_1000001100000000000000110000.mp4,paul-hollywood-great-british-bake-off-2_id000025_100100.mp4
lord_of_the_rings_arwen_liv_tyler_2_001_id003440_1000000100000000000000110000.mp4,lord-of-the-rings-arwen-liv-tyler-2_id000026_100000.mp4
kavinsky_nightcall_1_001_id003436_0000000000000000000000000000.mp4,kavinsky-nightcall-1_id000027_000000.mp4
great_wall_of_china_1_001_id003753_0100000000000011000000000001.mp4,great-wall-of-china-1_id000028_001001.mp4
mary_berry_great_british_bake_off_1_001_id003945_1000000100000000000000110000.mp4,mary-berry-great-british-bake-off-1_id000029_100000.mp4
hawaii_waikiki_video_001_id9999999999999991611392_0100000000000011000000000001.mp4,hawaii-waikiki-video_id000030_001001.mp4
seahorse_video_001_id9999999999999991611392_0010000000000000010010000001.mp4,seahorse-video_id000031_010001.mp4
colorado_springs_gardens_gods_video_001_id003874_0100000000000010100000000001.mp4,colorado-springs-gardens-gods-video_id000032_000001.mp4
snl_trump_001_id003351_1000001100010000000000111011.mp4,snl-trump_id000033_100101.mp4
mary_berry_great_british_bake_off_2_001_id003946_1000000100000000000000110000.mp4,mary-berry-great-british-bake-off-2_id000034_100000.mp4
lion_king_simba_video_1_001_id003357_0010000000000000010100100101.mp4,lion-king-simba-video-1_id000035_010001.mp4
star_wars_padme_amidala_obie_wan_001_id003656_1000000100000000000000110000.mp4,star-wars-padme-amidala-obie-wan_id000036_100000.mp4
batman_dark_knight_video_001_001_id003523_1000001100000000000000110000.mp4,batman-dark-knight-video_id000037_100100.mp4
prof_mcgonagall_harry_potter_video_001_id004009_1000000100000000000000110000.mp4,prof-mcgonagall-harry-potter-video_id000038_100000.mp4
white_dove_video_1_001_id003366_0010000000000000010100010001.mp4,white-dove-video-1_id000039_010001.mp4
princess_leia_001_id9999999999999991611392_1000000100000000000000110000.mp4,princess-leia_id000040_100000.mp4
sea_lion_1_001_id003446_0010000000000000010100110001.mp4,sea-lion-1_id000041_010001.mp4
harry_potter_gof_ron_weasley_1_001_id003636_1000001100000000000000100000.mp4,harry-potter-gof-ron-weasley-1_id000042_100100.mp4
harry_potter_gof_pettigrew.mp4_001_id003626_1000001100000000000000110000.mp4,harry-potter-gof-pettigrew.mp4_id000043_100100.mp4
guns_n_roses_visual_only_001_id003777_1000001001000000000000110000.mp4,guns-n-roses-visual-only_id000044_100100.mp4
paul_hollywood_great_british_bake_off_1_001_id003947_1000001100000000000000110000.mp4,paul-hollywood-great-british-bake-off-1_id000045_100100.mp4
phoebe_lisa_kudrow_friends_2_001_id003950_1000000100000000000000110000.mp4,phoebe-lisa-kudrow-friends-2_id000046_100000.mp4
harry_potter_gof_ball_scene_2_001_id003625_1000000100000000000000110000.mp4,harry-potter-gof-ball-scene-2_id000047_100000.mp4
white_house_drone_video_clip_001_001_id003500_0100000000000011000000000011.mp4,white-house-drone-video-clip_id000048_001001.mp4
grand_canyon_drone_video_clip_001_001_id003499_0100000000000010100000000011.mp4,grand-canyon-drone-video-clip_id000049_000001.mp4
toph_atla_001_id9999999999999991611392_1000000000000000000000101100.mp4,toph-atla_id000050_100000.mp4
raiders_football_compilation_video_001_id9999999999999991611392_1000001010000000000000100000.mp4,raiders-football-compilation-video_id000051_100100.mp4
thor_avengers_video_002_001_id003527_1000001100000000000000110001.mp4,thor-avengers-video_id000052_100101.mp4
star_wars_darth_vader_001_001_id003396_1000001100000000000000111000.mp4,star-wars-darth-vader_id000053_100100.mp4
snake_nature_001_id003926_0010000000000000001100001001.mp4,snake-nature_id000054_010001.mp4
cody_bellinger_002_id9999999999999991611392_1000001010000000000000110010.mp4,cody-bellinger_id000055_100100.mp4
Ted_Allen_short_id000730_1000001100000000000000110000.mp4,Ted-Allen-short_id000056_100100.mp4
captain_america_1_001_id003428_1000001100000000000000110000.mp4,captain-america-1_id000057_100100.mp4
john_wayne_mclintock_video_001_001_id003680_1000001100000000000000110000.mp4,john-wayne-mclintock-video_id000058_100100.mp4
green_bay_packers_visual_only_001_id003773_1000001010000000000000110010.mp4,green-bay-packers-visual-only_id000059_100100.mp4
beta_fish_1_001_id003742_0010000000000000010010010000.mp4,beta-fish-1_id000060_010000.mp4
harry_potter_gof_flitwick_001_id003628_1000001100000000000000110000.mp4,harry-potter-gof-flitwick_id000061_100100.mp4
izzie_stevens_katherine_heigl_greys_anatomy_1_001_id003755_1000000100000000000000110000.mp4,izzie-stevens-katherine-heigl-greys-anatomy-1_id000062_100000.mp4
bullhead_city_arizona_lake_video.mp4_001_id003872_0100000000000010100000000001.mp4,bullhead-city-arizona-lake-video.mp4_id000063_000001.mp4
harrison_ford_blade_runner_1_001_id003435_1000001100000000000000110000.mp4,harrison-ford-blade-runner-1_id000064_100100.mp4
star_wars_crawl_001_id9999999999999991611392_0000000000000000000000000010.mp4,star-wars-crawl_id000065_000000.mp4
john_wayne_el_dorado_001_001_id003678_1000001100000000000000110000.mp4,john-wayne-el-dorado_id000066_100100.mp4
mariska_hargitay_law_and_order_svu_video_001_id9999999999999991611392_1000000100000000000000110000.mp4,mariska-hargitay-law-and-order-svu-video_id000067_100000.mp4
law_and_order_svu_olivia_mariska_hargitay_visual_only_001_id003778_1000000100000000000000110000.mp4,law-and-order-svu-olivia-mariska-hargitay-visual-only_id000068_100000.mp4
warhammer_video_2_001_id003449_0000100000000000000000000000.mp4,warhammer-video-2_id000069_000000.mp4
mulan_1_001_id003645_1000000100000000000000100100.mp4,mulan-1_id000070_100000.mp4
allegiant_stadium_raiders_001_id9999999999999991611392_0100000000000011000000000001.mp4,allegiant-stadium-raiders_id000071_001001.mp4
katara_atla_001_id9999999999999991611392_1000000000000000000000101101.mp4,katara-atla_id000072_100001.mp4
patrick_mahomes_001_id9999999999999991611392_1000001010000000000000110000.mp4,patrick-mahomes_id000073_100100.mp4
harry_potter_gof_longbottom_001_id003634_1000001100000000000000100000.mp4,harry-potter-gof-longbottom_id000074_100100.mp4
lord_of_the_rings_gollum_001_001_id003395_1000001100000000000000110000.mp4,lord-of-the-rings-gollum_id000075_100100.mp4
london_1_001_id003439_0100000000000011000000000000.mp4,london-1_id000076_001000.mp4
gary_dourdan_csi_las_vegas_video_001_id9999999999999991611392_1000001100000000000000110000.mp4,gary-dourdan-csi-las-vegas-video_id000077_100100.mp4
dirk_nowitzki_002_id9999999999999991611392_1000001010000000000000110000.mp4,dirk-nowitzki_id000078_100100.mp4
harry_potter_gof_harry_3_001_id003631_1000001100000000000000100000.mp4,harry-potter-gof-harry-3_id000079_100100.mp4
colossuem_rome_italy_drone_video_clip_001_001_id003498_0100000000000011000000000001.mp4,colossuem-rome-italy-drone-video-clip_id000080_001001.mp4
venice_italy_002_id003390_0100000000000001100000000000.mp4,venice-italy_id000081_001000.mp4
mace_windu_star_wars_video_001_001_id003568_1000001100000000000000110000.mp4,mace-windu-star-wars-video_id000082_100100.mp4
beach_2_001_id003932_0100000000000010100000000001.mp4,beach-2_id000083_000001.mp4
han_solo_001_id9999999999999991611392_1000001100000000000000110000.mp4,han-solo_id000084_100100.mp4
maureen_ohara_mclintock_video_001_001_id003684_1000000100000000000000110000.mp4,maureen-ohara-mclintock-video_id000085_100000.mp4
joey_tribbiani_001_id9999999999999991611392_1000001100000000000000110000.mp4,joey-tribbiani_id000086_100100.mp4
dolphin_visual_only_001_id003770_0010000000000000010010110000.mp4,dolphin-visual-only_id000087_010000.mp4
harry_potter_gof_voldemort_1_001_id003641_1000001100000000000000111000.mp4,harry-potter-gof-voldemort-1_id000088_100100.mp4
Olaf_short_id000730_1000001100000000000000110000.mp4,Olaf-short_id000089_100100.mp4
mrs_mcmurray_letterkenny_001_id99999999999999991611392_1000000100000000000000110000.mp4,mrs-mcmurray-letterkenny_id000090_100000.mp4
santa_monica_pier_california_1_001_id003940_0100000000000011000000000000.mp4,santa-monica-pier-california-1_id000091_001000.mp4
dobby_harry_potter_video_001_id004006_0010000000000000001100110000.mp4,dobby-harry-potter-video_id000092_010000.mp4
kate_lost_001_id9999999999999991611392_1000000100000000000000110000.mp4,kate-lost_id000093_100000.mp4
arya_stark_maisie_williams_game_of_thrones_1_001_id003930_1000000100000000000000110000.mp4,arya-stark-maisie-williams-game-of-thrones-1_id000094_100000.mp4
harry_potter_gof_harry_1_001_id003629_1000001100000000000000100000.mp4,harry-potter-gof-harry-1_id000095_100100.mp4
sun-hwa_kwon_001_id9999999999999991611392_1000000100000000000000110000.mp4,sun-hwa-kwon_id000096_100000.mp4
clint_eastwood_a_fistful_of_dollars_video_001_001_id003671_1000001100000000000000110000.mp4,clint-eastwood-a-fistful-of-dollars-video_id000097_100100.mp4
harry_potter_gof_voldemort_2_001_id003642_1000001100000000000000111000.mp4,harry-potter-gof-voldemort-2_id000098_100100.mp4
blarney_castle_2_001_id003745_0100000000000011000000000001.mp4,blarney-castle-2_id000099_001001.mp4
bb8_star_wars_video_001_001_id003524_0000100000000000000000000000.mp4,bb8-star-wars-video_id000100_000000.mp4
daenerys_targaryen_emilia_clarke_game_of_thrones_2_001_id003936_1000000100000000000000110000.mp4,daenerys-targaryen-emilia-clarke-game-of-thrones-2_id000101_100000.mp4
wonder_woman_001_id99999999999999991611392_1000000100000000000000110000.mp4,wonder-woman_id000102_100000.mp4
mcgonagall_001_id99999999999999991611392_1000000100000000000000110000.mp4,mcgonagall_id000103_100000.mp4
harry_potter_gof_diggory_001_id003627_1000001100000000000000110000.mp4,harry-potter-gof-diggory_id000104_100100.mp4
1_001_id003368_0010000000000000010100110100.mp4,1_id000105_010000.mp4
lord_of_the_rings_frodo_1_001_id003394_1000001100000000000000110000.mp4,lord-of-the-rings-frodo-1_id000106_100100.mp4
daenerys_targaryen_emilia_clarke_game_of_thrones_1_001_id003935_1000000100000000000000110000.mp4,daenerys-targaryen-emilia-clarke-game-of-thrones-1_id000107_100000.mp4
family_feud_steve_harvey_video_1_001_id003355_1000001100000000000000110000.mp4,family-feud-steve-harvey-video-1_id000108_100100.mp4
buhurt_1_001_id003431_1000001000000000000000111010.mp4,buhurt-1_id000109_100100.mp4
red_fox_2_001_id003760_0010000000000000000100110001.mp4,red-fox-2_id000110_010001.mp4
great_dane_001_id9999999999999991611392_0010000000000000010100110001.mp4,great-dane_id000111_010001.mp4
magic_johnson_video_001_001_id003525_1000001010000000000000110010.mp4,magic-johnson-video_id000112_100100.mp4
monica_dutton_yellowstone_2_001_id003758_1000000100000000000000110000.mp4,monica-dutton-yellowstone-2_id000113_100000.mp4
williamsburg_ia_001_id99999999999999991611392_0100000000000001000000000001.mp4,williamsburg-ia_id000114_001001.mp4
sugarloaf_mountain_rio_de_janeiro_brazil_001_id003942_0100000000000011000000000001.mp4,sugarloaf-mountain-rio-de-janeiro-brazil_id000115_001001.mp4
santa_monica_pier_california_2_001_id003941_0100000000000011000000000011.mp4,santa-monica-pier-california-2_id000116_001001.mp4
edgar_wright_video_001_id004001_1000001100000000000000110000.mp4,edgar-wright-video_id000117_100100.mp4
star_wars_maz_rey_1_001_id003588_0000100000000000000000000000.mp4,star-wars-maz-rey-1_id000118_000000.mp4
joel_embiid_001_id9999999999999991611392_1000001010000000000000110010.mp4,joel-embiid_id000119_100100.mp4
maggie_greene_001_id99999999999999991611392_1000000100000000000000110000.mp4,maggie-greene_id000120_100000.mp4
boo_monsters_inc_001_id9999999999999991611392_1000000000000000000000100100.mp4,boo-monsters-inc_id000121_100000.mp4
harry_potter_gof_weasley_twins_1_001_id003644_1000001100000000000000100000.mp4,harry-potter-gof-weasley-twins-1_id000122_100100.mp4
the_little_mermaid_ariel_001_001_id003398_0000100000000000000000000100.mp4,the-little-mermaid-ariel_id000123_000000.mp4
EmmaPollock_id000730_1000001100000000000000110000.mp4,EmmaPollock_id000124_100100.mp4
wolverine_hugh_jackman.mp4_001_id003387_1000001100000000000000111000.mp4,wolverine-hugh-jackman.mp4_id000125_100100.mp4
raymond_burr_perry_mason_video_001_001_id003692_1000001100000000000000110000.mp4,raymond-burr-perry-mason-video_id000126_100100.mp4
parrot_video_1_001_id003362_0010000000000000010100010000.mp4,parrot-video-1_id000127_010000.mp4
sawyer_lost_001_id9999999999999991611392_1000001100000000000000110000.mp4,sawyer-lost_id000128_100100.mp4
beta_fish_2_001_id003743_0010000000000000010010010000.mp4,beta-fish-2_id000129_010000.mp4
bayeux_1_001_id003427_0100000000000001000000000001.mp4,bayeux-1_id000130_001001.mp4
futurama_bender_1_001_id003580_0000100000000000000000000101.mp4,futurama-bender-1_id000131_000001.mp4
ucla_tyus_edney_001_id9999999999999991611392_1000001010000000000000110010.mp4,ucla-tyus-edney_id000132_100100.mp4
beach_3_001_id003933_0100000000000011000000000001.mp4,beach-3_id000133_001001.mp4
danai_guirra_walking_dead_1_001_id003429_1000000100000000000000110001.mp4,danai-guirra-walking-dead-1_id000134_100001.mp4
phoebe_lisa_kudrow_friends_1_001_id003949_1000000100000000000000110000.mp4,phoebe-lisa-kudrow-friends-1_id000135_100000.mp4
avatar_1_001_id003426_0000100000000000000000000101.mp4,avatar-1_id000136_000001.mp4
nemo_finding_nemo_video_001_001_id003526_0010000000000000010010000101.mp4,nemo-finding-nemo-video_id000137_010001.mp4
golf_002_id9999999999999991611392_1000001000000000000000110001.mp4,golf_id000138_100101.mp4
london_visual_only_001_id003780_0100000000000011000000000000.mp4,london-visual-only_id000139_001000.mp4
jesus_christ_redeemer_rio_de_janeiro_brazil_001_id003939_0100000000000011000000000000.mp4,jesus-christ-redeemer-rio-de-janeiro-brazil_id000140_001000.mp4
margot_robbie_barbie_001_id99999999999999991611392_1000000100000000000000110000.mp4,margot-robbie-barbie_id000141_100000.mp4
harry_potter_gof_school_winter_001_id003638_0100000000000001000000000000.mp4,harry-potter-gof-school-winter_id000142_001000.mp4
harry_potter_gof_harry_4_001_id003632_0000100000000000000000001000.mp4,harry-potter-gof-harry-4_id000143_000000.mp4
pch_002_id9999999999999991611392_0100000000000010100000000001.mp4,pch_id000144_000001.mp4
colloseum_2_001_id003750_0100000000000011000000000001.mp4,colloseum-2_id000145_001001.mp4
sydney_opera_house_002_id003389_0100000000000011000000000000.mp4,sydney-opera-house_id000146_001000.mp4
harry_potter_gof_hermione_1_001_id003633_1000000100000000000000100010.mp4,harry-potter-gof-hermione-1_id000147_100000.mp4
castles_france_video_001_id003867_0100000000000011000000000001.mp4,castles-france-video_id000148_001001.mp4
dragon_harry_potter_001_id003938_0010000000000000000100010000.mp4,dragon-harry-potter_id000149_010000.mp4
south_park_001_id9999999999999991611392_1000001000000000000000100110.mp4,south-park_id000150_100100.mp4
meg_family_guy_1_001_id003441_1000000100000000000000100110.mp4,meg-family-guy-1_id000151_100000.mp4
the_good_the_bad_and_the_ugly_final_duel_video_001_001_id003695_2000001100000000000000011000.mp4,the-good-the-bad-and-the-ugly-final-duel-video_id000152_200100.mp4
joe_biden_turkey_pardon_video_001_001_id003571_1000001000010000000000110001.mp4,joe-biden-turkey-pardon-video_id000153_100101.mp4
pyranees_dog_1_001_id003583_0010000000000000010100110000.mp4,pyranees-dog-1_id000154_010000.mp4
blarney_castle_1_001_id003744_0100000000000011000000000001.mp4,blarney-castle-1_id000155_001001.mp4
kobe_bryant_001_id9999999999999991611392_1000001010000000000000110000.mp4,kobe-bryant_id000156_100100.mp4
ucla_jaime_jacquez_jr_001_id9999999999999991611392_1000001010000000000000110010.mp4,ucla-jaime-jacquez-jr_id000157_100100.mp4
beach_waves_001_id003924_0100000000000000100000000000.mp4,beach-waves_id000158_000000.mp4
monica_dutton_yellowstone_1_001_id003757_1000000100000000000000110000.mp4,monica-dutton-yellowstone-1_id000159_100000.mp4
tigers_001_001_id003400_0010000000000000010100111000.mp4,tigers_id000160_010000.mp4
the_eagles_visual_only_001_id003790_1000001001000000000000110000.mp4,the-eagles-visual-only_id000161_100100.mp4
gianluigi_buffon_italy_soccer_1_001_id003751_1000001010000000000000110010.mp4,gianluigi-buffon-italy-soccer-1_id000162_100100.mp4
dr_gregoruy_house_house_hugh_laurie_video_001_id004013_1000001100000000000000110000.mp4,dr-gregoruy-house-house-hugh-laurie-video_id000163_100100.mp4
arya_stark_maisie_williams_game_of_thrones_2_001_id003931_1000000100000000000000110000.mp4,arya-stark-maisie-williams-game-of-thrones-2_id000164_100000.mp4
downton_abbey_video_001_id9999999999999991611392_1000000100000000000000110000.mp4,downton-abbey-video_id000165_100000.mp4
griffith_observatory_1_001_id003434_0100000000000011000000000001.mp4,griffith-observatory-1_id000166_001001.mp4
true_grit_one_eye_001_001_id003696_1000001100000000000000110000.mp4,true-grit-one-eye_id000167_100100.mp4
mortal_kombat_sub_zero_001_id003386_1000001100000000000000111000.mp4,mortal-kombat-sub-zero_id000168_100100.mp4
dolly_parton_visual_only_001_id003767_1000000001000000000000110000.mp4,dolly-parton-visual-only_id000169_100000.mp4
gianluigi_buffon_italy_soccer_2_001_id003752_1000001010000000000000110010.mp4,gianluigi-buffon-italy-soccer-2_id000170_100100.mp4
iron_giant_video_001_id003868_0000100000000000000000001100.mp4,iron-giant-video_id000171_000000.mp4
owl_1_001_id003443_0010000000000000010100010001.mp4,owl-1_id000172_010001.mp4
brentman_rock_001_001_id003391_1000001100000000000000110000.mp4,brentman-rock_id000173_100100.mp4
izzie_stevens_katherine_heigl_greys_anatomy_001_id003756_1000000100000000000000110000.mp4,izzie-stevens-katherine-heigl-greys-anatomy_id000174_100000.mp4
nicki_minaj_video_1_001_id003361_1000000001000000000000110000.mp4,nicki-minaj-video-1_id000175_100000.mp4
harry_potter_gof_moody_001_id003635_1000001100000000000000110000.mp4,harry-potter-gof-moody_id000176_100100.mp4
christina_yang_sandra_oh_greys_anatomy_2_001_id003748_1000000100000000000000110000.mp4,christina-yang-sandra-oh-greys-anatomy-2_id000177_100000.mp4
dr_cuddy_house_lisa_edelstein_video_001_id004012_1000000100000000000000110000.mp4,dr-cuddy-house-lisa-edelstein-video_id000178_100000.mp4
bearded_dragon_1_001_id003573_0010000000000000000100010000.mp4,bearded-dragon-1_id000179_010000.mp4
darryl_the_walking_dead_001_id99999999999999991611392_1000001100000000000000110000.mp4,darryl-the-walking-dead_id000180_100100.mp4
weekend_update_001_id9999999999999991611392_1000001100000000000000110000.mp4,weekend-update_id000181_100100.mp4
the_little_mermaid_sebastian_1_001_id003399_0010000000000000010100010100.mp4,the-little-mermaid-sebastian-1_id000182_010000.mp4
saul_goodman_001_id99999999999999991611392_1000001100000000000000110000.mp4,saul-goodman_id000183_100100.mp4
grupo_firme_001_001_id003392_1000001001000000000000110000.mp4,grupo-firme_id000184_100100.mp4
cats_meowing_1_001_id003746_0010000000000000010100110000.mp4,cats-meowing-1_id000185_010000.mp4
mulan_3_001_id003647_1000000100000000000000100100.mp4,mulan-3_id000186_100000.mp4
harry_potter_gof_skeeter_001_id003639_1000000100000000000000110000.mp4,harry-potter-gof-skeeter_id000187_100000.mp4
luke_bryant_visual_only_001_id003783_1000001001000000000000110001.mp4,luke-bryant-visual-only_id000188_100101.mp4
copacabana_beach_rio_de_janeiro_brazil_001_id003934_0100000000000011000000000001.mp4,copacabana-beach-rio-de-janeiro-brazil_id000189_001001.mp4
harry_potter_gof_harry_2_001_id003630_1000001100000000000000100000.mp4,harry-potter-gof-harry-2_id000190_100100.mp4
mission_inn_riverside_video_001_id003870_0100000000000011000000000001.mp4,mission-inn-riverside-video_id000191_001001.mp4
high_five_tom_cruise_top_gun_001_id003952_1000001100000000000000110000.mp4,high-five-tom-cruise-top-gun_id000192_100100.mp4
luke_skywalker_star_wars_video_001_id003869_1000001100000000000000110000.mp4,luke-skywalker-star-wars-video_id000193_100100.mp4
vangelis_memories_of_green_1_001_id003447_0000000000000000000000000000.mp4,vangelis-memories-of-green-1_id000194_000000.mp4
letty_fast_and_furious_001_id9999999999999991611392_1000000100000000000000110000.mp4,letty-fast-and-furious_id000195_100000.mp4
serena_williams_001_id9999999999999991611392_1000000010000000000000110000.mp4,serena-williams_id000196_100000.mp4
harry_potter_gof_ball_scene_1_001_id003624_1000000100000000000000100000.mp4,harry-potter-gof-ball-scene-1_id000197_100000.mp4
Pikachu_short_id000730_1000001100000000000000110000.mp4,Pikachu-short_id000198_100100.mp4
fox_theatre_001_id9999999999999991611392_0100000000000011000000000010.mp4,fox-theatre_id000199_001000.mp4
black_panther_001_id9999999999999991611392_0010000000000000010100110001.mp4,black-panther_id000200_010001.mp4
ross_david_schwimmer_friends_visual_only_001_id003793_1000001100000000000000110010.mp4,ross-david-schwimmer-friends-visual-only_id000201_100100.mp4
the_vatican_video_001_id9999999999999991611392_0000000000100001000000000000.mp4,the-vatican-video_id000202_001000.mp4
mark_davis_raiders_video_001_id9999999999999991611392_1000001010000000000000110010.mp4,mark-davis-raiders-video_id000203_100100.mp4
aaron_rodgers_visual_only_001_id003763_1000001010000000000000110010.mp4,aaron-rodgers-visual-only_id000204_100100.mp4
elephant_001_id9999999999999991611392_0010000000000000010100110001.mp4,elephant_id000205_010001.mp4
santa_monica_pier_002_id003388_0100000000000010000000000000.mp4,santa-monica-pier_id000206_000000.mp4
monica_geller_001_id9999999999999991611392_1000000100000000000000110000.mp4,monica-geller_id000207_100000.mp4
dragon_game_of_thrones_001_id003937_0010000000000000000100010000.mp4,dragon-game-of-thrones_id000208_010000.mp4
rachel_jennifer_anniston_visual_only_001_id003806_1000000100000000000000110000.mp4,rachel-jennifer-anniston-visual-only_id000209_100000.mp4
toy_story_woody_002_id99999999999999991611392_0000001000000000000000010100.mp4,toy-story-woody_id000210_000100.mp4
harry_potter_gof_unknown_001_id003640_1000001100000000000000110000.mp4,harry-potter-gof-unknown_id000211_100100.mp4
chimps_1_001_id003432_0010000000000000010100111001.mp4,chimps-1_id000212_010001.mp4
shohei_ohtani_002_id9999999999999991611392_1000001010000000000000110010.mp4,shohei-ohtani_id000213_100100.mp4
ComingtoAmerica_id000730_1000001100000000000000110000.mp4,ComingtoAmerica_id000214_100100.mp4
paris_1_001_id003444_0100000000000011000000000011.mp4,paris-1_id000215_001001.mp4
red_fox_1_001_id003759_0010000000000000000100110000.mp4,red-fox-1_id000216_010000.mp4
jerry_orbach_law_and_order_svu_video_001_id9999999999999991611392_1000001100000000000000110001.mp4,jerry-orbach-law-and-order-svu-video_id000217_100101.mp4
christina_yang_sandra_oh_greys_anatomy_1_001_id003747_1000000100000000000000110000.mp4,christina-yang-sandra-oh-greys-anatomy-1_id000218_100000.mp4
harry_potter_gof_ron_weasley_2_001_id003637_1000001100000000000000100000.mp4,harry-potter-gof-ron-weasley-2_id000219_100100.mp4
lumpy_princess_adventure_time_001_id99999999999999991611392_0000100000000000000000000100.mp4,lumpy-princess-adventure-time_id000220_000000.mp4
david_hasselhoff_true_survivor_1_001_id003433_1000001100000000000000110000.mp4,david-hasselhoff-true-survivor-1_id000221_100100.mp4
the_simpsons_1_001_id003658_1000000100000000000000100100.mp4,the-simpsons-1_id000222_100000.mp4
chewbacca_star_wars_1_001_id003623_0000100000000000000000000000.mp4,chewbacca-star-wars-1_id000223_000000.mp4
cow_002_id003383_0010000000000000010100110000.mp4,cow_id000224_010000.mp4
motley_crue_visual_only_001_id003786_1000001001000000000000110000.mp4,motley-crue-visual-only_id000225_100100.mp4
EmilyinParis_id000730_1000001100000000000000110000.mp4,EmilyinParis_id000226_100100.mp4
tabby_cat_1_001_id003761_0010000000000000010100110000.mp4,tabby-cat-1_id000227_010000.mp4
harry_potter_gof_voldemort_3_001_id003643_1000001100000000000000111000.mp4,harry-potter-gof-voldemort-3_id000228_100100.mp4
allegiant_air_video_001_id9999999999999991611392_0000000000000000000000000011.mp4,allegiant-air-video_id000229_000001.mp4
lassen_park_1_001_id003438_0100000000000000100000000001.mp4,lassen-park-1_id000230_000001.mp4
family_guy_peter_griffin_1_001_id003578_1000001100000000000000110100.mp4,family-guy-peter-griffin-1_id000231_100100.mp4
